date,participant,mood,eye_l_ratio,eye_r_ratio,mouth_ratio,alert,drowsy
1970-01-01 00:01:01,60,1,0.2814648758103387,0.29934709177611507,0.2630126446432097,0.9998412,0.00014218688
1970-01-01 00:01:03,60,1,0.26970009767578695,0.26443027747878894,0.45002441236376,0.99982804,0.00016230345
1970-01-01 00:01:05,60,1,0.25780813395491153,0.25858225876267166,0.4710384462918342,0.9998447,0.00013935566
1970-01-01 00:01:07,60,1,0.29825904948325743,0.3036542922992368,0.4658541389899159,0.99984217,0.00014278293
1970-01-01 00:01:09,60,1,0.2405478078537569,0.2778844117879003,0.47439843408484916,0.99983406,0.00015377998
1970-01-01 00:01:11,60,1,0.34731596055639,0.34787077545379247,0.45728885847062467,0.99984396,0.00014024973
1970-01-01 00:01:13,60,1,0.3096748215972795,0.3397011568955488,0.45341220959755774,0.99984306,0.00014096498
1970-01-01 00:01:15,60,1,0.268264444095396,0.2864016774970492,0.41831319135897194,0.99984086,0.00014436245
1970-01-01 00:01:17,60,1,0.32924466161096316,0.3333974297349133,0.42828146794065813,0.99984044,0.00014382601
1970-01-01 00:01:19,60,1,0.25450339134520916,0.27718443352952266,0.4509997065344033,0.99984896,0.00013306737
1970-01-01 00:01:21,60,1,0.27200885917058004,0.28163204033035827,0.43570307037561185,0.99980485,0.00019577146
1970-01-01 00:01:23,60,1,0.30113874678125546,0.30611620842252846,0.4427056992308592,0.9998148,0.00018134713
1970-01-01 00:01:25,60,1,0.31059714782221376,0.3159112825503352,0.45718699452394607,0.99981874,0.00017523766
1970-01-01 00:01:27,60,1,0.24498881309687473,0.25888402632509855,0.4458331489610488,0.99981546,0.00018027425
1970-01-01 00:01:29,60,1,0.2415520361578575,0.24711449526584267,0.47436748162120246,0.9997996,0.00020673871
1970-01-01 00:01:31,60,1,0.16590272070441575,0.21523888976386218,0.44206693465864266,0.9997986,0.00020584464
1970-01-01 00:01:33,60,1,0.3153636229427247,0.3213773355038931,0.45329968793573044,0.99981976,0.000174582
1970-01-01 00:01:35,60,1,0.24147220032420189,0.25964882570571246,0.46913108488732413,0.9998246,0.00016760826
1970-01-01 00:01:37,60,1,0.2668039228154587,0.3090203265672984,0.48282249816115774,0.99983215,0.00015637279
1970-01-01 00:01:39,60,1,0.2675156180834057,0.30350919985216995,0.46727821232520184,0.99983156,0.0001578033
1970-01-01 00:01:41,60,1,0.28405904939219745,0.3146918204474204,0.47910323610048283,0.99982965,0.0001604259
1970-01-01 00:01:43,60,1,0.28042489149180505,0.305085107923876,0.4813754458418114,0.99982333,0.00016829371
1970-01-01 00:01:45,60,1,0.29556959848097375,0.3016679680466061,0.46112270666025423,0.9998214,0.00017163157
1970-01-01 00:01:47,60,1,0.23308921844723987,0.24978623339400108,0.48535824727068894,0.99982464,0.00016897917
1970-01-01 00:01:49,60,1,0.27560094766335796,0.2914439263984825,0.4538165525464727,0.99980533,0.00019559264
1970-01-01 00:01:51,60,1,0.27873653767548023,0.2800131259229242,0.4622534059483268,0.99980664,0.00019448996
1970-01-01 00:01:53,60,1,0.25470084657585823,0.26382160198187293,0.4891797512178916,0.999804,0.00019815564
1970-01-01 00:01:55,60,1,0.2181202595479015,0.24208332458754894,0.45607017003965516,0.9997982,0.00020715594
1970-01-01 00:01:57,60,1,0.3215578228371408,0.35308362135717836,0.4431462359358057,0.99981284,0.00018334389
1970-01-01 00:01:59,60,1,0.2909900657077679,0.32376417226683424,0.48977745574407927,0.99979687,0.00020739436
1970-01-01 00:02:01,60,1,0.25153750562333765,0.3128893238787317,0.4888296930452346,0.9997928,0.00021237135
1970-01-01 00:02:03,60,1,0.2745098039215681,0.27436660651879724,0.5187575026918286,0.99975616,0.00028321147
1970-01-01 00:02:05,60,1,0.24523937031897702,0.2509174342757582,0.49473910839255153,0.9997537,0.0002872944
1970-01-01 00:02:07,60,1,0.2674736068580596,0.29071694485714394,0.5271626918391035,0.9997754,0.00024536252
1970-01-01 00:02:09,60,1,0.27211853301424016,0.2846133451589512,0.45734758293819777,0.99982965,0.00015977025
1970-01-01 00:02:11,60,1,0.2951104266786017,0.26796319075027325,0.47140452079103173,0.99982345,0.00016888976
1970-01-01 00:02:13,60,1,0.28349188182172647,0.2844404846389393,0.481375445841811,0.9998272,0.0001629293
1970-01-01 00:02:15,60,1,0.27232073972133153,0.25858225876267205,0.48501129374085694,0.99982417,0.00016781688
1970-01-01 00:02:17,60,1,0.33892569742711587,0.3275862068965518,0.4757793624513421,0.9998243,0.00016623735
1970-01-01 00:02:19,60,1,0.26969486490001565,0.28329398967788616,0.46619220238488457,0.99985045,0.00013139844
1970-01-01 00:02:21,60,1,0.27760303943113407,0.3017241379310348,0.44005833854917753,0.9998475,0.00013673306
1970-01-01 00:02:23,60,1,0.28519790474767226,0.3450532679452768,0.412158394547413,0.99985176,0.00013005733
1970-01-01 00:02:25,60,1,0.31231721691971404,0.3386514635337952,0.43965052279128375,0.9998485,0.00013303757
1970-01-01 00:02:27,60,1,0.323764172266835,0.33878845665757146,0.4663249355855137,0.99984246,0.0001411438
1970-01-01 00:02:29,60,1,0.32718116900555533,0.34710393881847973,0.5084779436105772,0.99979967,0.0002039969
1970-01-01 00:02:31,60,1,0.2764151324435532,0.29305989326436105,0.4068581189415872,0.9998419,0.00014382601
1970-01-01 00:02:33,60,1,0.3255124751137995,0.3289678469972052,0.3880026054562952,0.9998543,0.00012674928
1970-01-01 00:02:35,60,1,0.3127673953272086,0.3400654211243635,0.3964555124518308,0.99985456,0.00012597442
1970-01-01 00:02:37,60,1,0.3190767223586377,0.3416666666666671,0.4310714765211164,0.9998532,0.00012761354
1970-01-01 00:02:39,60,1,0.35347127390639366,0.38519414562357535,0.4435636695300313,0.99985373,0.00012654066
1970-01-01 00:02:41,60,1,0.32706267032398817,0.3413191183542989,0.43180399486815957,0.99984384,0.00014021993
1970-01-01 00:02:43,60,1,0.2963827873080224,0.33909348454239757,0.4558597757836164,0.9998436,0.00014001131
1970-01-01 00:02:45,60,1,0.28653892866546227,0.325,0.4462709077852193,0.9998399,0.00014597178
1970-01-01 00:02:47,60,1,0.32591691080568924,0.3412698412698415,0.4416822528530271,0.99984884,0.00013434887
1970-01-01 00:02:49,60,1,0.32792736944298034,0.3275322263938922,0.45830189920024383,0.999851,0.00013113022
1970-01-01 00:02:51,60,1,0.3297094533351429,0.3409522424307689,0.44453394384079065,0.99984837,0.00013446808
1970-01-01 00:02:53,60,1,0.28736594356388595,0.3203686551099518,0.4706336216312337,0.99984664,0.00013747811
1970-01-01 00:02:55,60,1,0.30323328583527565,0.330700482072,0.4454566109218445,0.9998467,0.00013709068
1970-01-01 00:02:57,60,1,0.23817467466972805,0.2584677069878466,0.45288500897937645,0.99984646,0.00013762712
1970-01-01 00:02:59,60,1,0.29670695889252874,0.3175195108941949,0.45007020535383263,0.9998487,0.00013440847
1970-01-01 00:03:01,60,1,0.2547383447727592,0.27877158183983364,0.4621474298463431,0.9998483,0.00013521314
1970-01-01 00:03:03,60,1,0.30064433510331234,0.31751951089419433,0.4575519666808297,0.99985147,0.00013032556
1970-01-01 00:03:05,60,1,0.25024233198239626,0.27034653377128365,0.4734199702148946,0.99984765,0.00013574958
1970-01-01 00:03:07,60,1,0.2694604115079901,0.29834829228781107,0.4441973670996308,0.99979913,0.00016859174
1970-01-01 00:03:09,60,1,0.2458994589094462,0.24620505620053518,0.4649950273929325,0.99978316,0.00023368001
1970-01-01 00:03:11,60,1,0.27496181351089,0.28921351491329145,0.4616175937227616,0.9998195,0.00017395616
1970-01-01 00:03:13,60,1,0.2622821883177061,0.2900810954369915,0.47368421052631543,0.999823,0.00016832352
1970-01-01 00:03:15,60,1,0.2834164951926626,0.26779878630650467,0.4824616365776979,0.99981403,0.00018292665
1970-01-01 00:03:17,60,1,0.29318662187277733,0.31154138299016,0.4955752212389383,0.99983066,0.00015899539
1970-01-01 00:03:19,60,1,0.3093077225873871,0.3367830440980467,0.504697855261265,0.9998317,0.00015553832
1970-01-01 00:03:21,60,1,0.29283872899216534,0.3075183884729489,0.4824781046082563,0.999812,0.00018489361
1970-01-01 00:03:23,60,1,0.2894291463713196,0.3092245700308175,0.4586962929618099,0.9998363,0.00014570355
1970-01-01 00:03:25,60,1,0.2551711418425474,0.28077393655091104,0.3891468798765415,0.9997803,0.00022679567
1970-01-01 00:03:27,60,1,0.3162277660168375,0.31281035544134017,0.44937111461945517,0.99982333,0.00016868114
1970-01-01 00:03:29,60,1,0.30218327389287003,0.3135593220338986,0.41812942346252174,0.9998461,0.00013667345
1970-01-01 00:03:31,60,1,0.3157965881331902,0.3425800798515749,0.44015355774354337,0.99984163,0.00014075637
1970-01-01 00:03:33,60,1,0.298473493230861,0.3276996173922108,0.435833764054283,0.99980015,0.00018402934
1970-01-01 00:03:35,60,1,0.33446264204553894,0.33876160914181097,0.4162921933634849,0.9996427,0.0003090799
1970-01-01 00:03:37,60,1,0.2515993068431756,0.24793897316555621,0.4313354361439187,0.9997833,0.00022345781
1970-01-01 00:03:39,60,1,0.30697030675745995,0.29731366512957236,0.4000312401019251,0.9998441,0.00013664365
1970-01-01 00:03:41,60,1,0.32172974474439653,0.3279272340354467,0.4362527534885627,0.9998447,0.00013631582
1970-01-01 00:03:43,60,1,0.29700906932595605,0.31258135035813644,0.44471825112854785,0.9998461,0.00013533235
1970-01-01 00:03:45,60,1,0.26248962701322925,0.2828427124746193,0.4763127572150192,0.9998518,0.0001283288
1970-01-01 00:03:47,60,1,0.23649930936713115,0.24961508830135312,0.4409330886679925,0.9998374,0.00014927983
1970-01-01 00:03:49,60,1,0.31660045650094043,0.33379469456913047,0.46029377916652203,0.9998449,0.00013741851
1970-01-01 00:03:51,60,1,0.29504232430741906,0.31660045650094076,0.4600149030910787,0.9998468,0.00013464689
1970-01-01 00:03:53,60,1,0.31804359385371556,0.3139667650145137,0.47623685095161816,0.9998466,0.0001348257
1970-01-01 00:03:55,60,1,0.3278821471395911,0.33588508741280687,0.46390950582697316,0.99984705,0.00013390183
1970-01-01 00:03:57,60,1,0.3303515163463477,0.34320884574738525,0.4686044379045887,0.9998474,0.0001334548
1970-01-01 00:03:59,60,1,0.3250285210055707,0.33575971236942975,0.45863669194479,0.999847,0.00013419986
1970-01-01 00:04:01,60,1,0.3063983316370009,0.3225806451612907,0.46439183608724616,0.9998466,0.00013452768
1970-01-01 00:04:03,60,1,0.3100868364730212,0.3305715456259753,0.44728228135437886,0.9998467,0.00013408065
1970-01-01 00:04:05,60,1,0.31970579639200963,0.3306021617243314,0.44819114893781953,0.99984705,0.00013384223
1970-01-01 00:04:07,60,1,0.29483943919727934,0.3448275862068959,0.44239884970794946,0.99984694,0.00013411045
1970-01-01 00:04:09,60,1,0.33840974032793275,0.34426229508196754,0.45235434359432936,0.9998491,0.00013056397
1970-01-01 00:04:11,60,1,0.22407023202484558,0.2613789691563603,0.42138640629379615,0.99976104,0.00028046966
1970-01-01 00:04:13,60,1,0.3128954998703767,0.3390402713122888,0.39885639192354205,0.99983484,0.00014662743
1970-01-01 00:04:15,60,1,0.21473010062039374,0.2543773267500022,0.3967947236902526,0.99958086,0.00037384033
1970-01-01 00:04:17,60,1,0.3148561220244205,0.3314376084949824,0.47326488171952596,0.9991981,0.0007054806
1970-01-01 00:04:19,60,1,0.3290261538484302,0.3406717389280959,0.38474010451855434,0.9995346,0.0004259944
1970-01-01 00:04:21,60,1,0.3054487994282587,0.314455937108105,0.35397889204281224,0.9997269,0.00024136901
1970-01-01 00:04:23,60,1,0.1981306486275548,0.2321172262211393,0.3261116084121711,0.99957323,0.00038725138
1970-01-01 00:04:25,60,1,0.27301403623378095,0.2895814951753792,0.37315407505176656,0.9995835,0.0003784299
1970-01-01 00:04:27,60,1,0.27938371527581496,0.29847421946995023,0.4019048403695252,0.9996085,0.00035440922
1970-01-01 00:04:29,60,1,0.34820040682926,0.3576498700164064,0.40862163145680264,0.99966055,0.0002988577
1970-01-01 00:04:31,60,1,0.2918500823851788,0.315384615384616,0.39929350013216147,0.99967873,0.0002811253
1970-01-01 00:04:33,60,1,0.3074949941410986,0.3230769230769232,0.3864428168220523,0.999686,0.0002733469
1970-01-01 00:04:35,60,1,0.2942810003883068,0.3114335645467206,0.40236376697107173,0.99970233,0.00024685264
1970-01-01 00:04:37,60,1,0.24999999999999967,0.2797893901562567,0.3865596248001827,0.99981976,0.00016060472
1970-01-01 00:04:39,60,1,0.27868852459016336,0.30011571842281776,0.38970219318292476,0.999811,0.00016617775
1970-01-01 00:04:41,60,1,0.30337800935550646,0.30365429229923674,0.4152810581593377,0.9997912,0.00019595027
1970-01-01 00:04:43,60,1,0.27623615495018544,0.3075183884729496,0.4064644760939521,0.99965495,0.00030454993
1970-01-01 00:04:45,60,1,0.29832867780352545,0.3248353173531754,0.4273021615110617,0.9997045,0.00025817752
1970-01-01 00:04:47,60,1,0.3183258722547471,0.31362877700316805,0.43515341038079636,0.9997001,0.0002618134
1970-01-01 00:04:49,60,1,0.31008683647302104,0.3252464275341874,0.41682436751218666,0.9997026,0.00025990605
1970-01-01 00:04:51,60,1,0.29752686964971453,0.33615693639147315,0.4264818782232487,0.9997021,0.00026074052
1970-01-01 00:04:53,60,1,0.29899052587177427,0.33615693639147315,0.430595877906819,0.999694,0.00026783347
1970-01-01 00:04:55,60,1,0.29384939197579163,0.3361569363914737,0.4365661235415853,0.9996959,0.00026521087
1970-01-01 00:04:57,60,1,0.32625866416663896,0.3220338983050854,0.4426500720596532,0.99976313,0.00020807981
1970-01-01 00:04:59,60,1,0.32208087343120284,0.3112355654438451,0.4348793563395013,0.9997358,0.00023177266
1970-01-01 00:05:01,60,1,0.3161066755410153,0.33019053282251465,0.4314170464334296,0.9997171,0.00024732947
1970-01-01 00:05:03,60,1,0.30917347120042143,0.29945100948176157,0.4400426175182521,0.99971926,0.00024574995
1970-01-01 00:05:05,60,1,0.2842333820574864,0.2996257016633534,0.4293198469679851,0.99973154,0.00024732947
1970-01-01 00:05:07,60,1,0.25064195945797363,0.25432967979582977,0.4554911393873797,0.9992616,0.00065258145
1970-01-01 00:05:09,60,1,0.24034017789178938,0.24978623339400102,0.44752233809489633,0.9993488,0.00057742
1970-01-01 00:05:11,60,1,0.25936359682444066,0.3036881418889976,0.4443792224737168,0.99950784,0.0004438758
1970-01-01 00:05:13,60,1,0.25615039882835067,0.3057276365576097,0.44415754262575896,0.99966514,0.0002964139
1970-01-01 00:05:15,60,1,0.18157724810587642,0.21416205223004534,0.4109321345094227,0.9997095,0.00025057793
1970-01-01 00:05:17,60,1,0.2391164071146511,0.26283384989962955,0.4406709332021966,0.99957097,0.0003862977
1970-01-01 00:05:19,60,1,0.25490196078431343,0.29508895915805183,0.41990110160939326,0.99952006,0.00043210387
1970-01-01 00:05:21,60,1,0.22320317504229886,0.22549019607843193,0.4404439926041764,0.9993653,0.00056162477
1970-01-01 00:05:23,60,1,0.22777698070958885,0.2398096756921117,0.3130434782608695,0.99937683,0.00055512786
1970-01-01 00:05:25,60,1,0.2551020408163258,0.25490196078431343,0.429887768434718,0.99917936,0.0007247925
1970-01-01 00:05:27,60,1,0.22896799591699762,0.22552987298458974,0.4368726146516976,0.99909616,0.00080001354
1970-01-01 00:05:29,60,1,0.24000000000000013,0.27758745382410277,0.4243583810546988,0.9989859,0.00090125203
1970-01-01 00:05:31,60,1,0.26062491673326615,0.26935261608712074,0.42859949219240695,0.99895775,0.0009276569
1970-01-01 00:05:33,60,1,0.23937563209504148,0.24995001499500133,0.42716433432610484,0.9989275,0.00095647573
1970-01-01 00:05:35,60,1,0.28426421166680355,0.3019804146273485,0.4475987488163423,0.99867934,0.0011909008
1970-01-01 00:05:37,60,1,0.2755102040816325,0.28910185343024813,0.4284937043363732,0.9987081,0.0011639595
1970-01-01 00:05:39,60,1,0.28583692502936264,0.30449489431028254,0.43269230769230743,0.9984104,0.0014520288
1970-01-01 00:05:41,60,1,0.2746848181592524,0.2871863410976074,0.4246142159153302,0.9988127,0.001062721
1970-01-01 00:05:43,60,1,0.25504893328149153,0.2965112269996941,0.44253893384040477,0.9994317,0.00051006675
1970-01-01 00:05:45,60,1,0.3053461992065121,0.3191375800212846,0.4671819613490374,0.99930495,0.00061646104
1970-01-01 00:05:47,60,1,0.2553060408815675,0.2697172872962914,0.4666455040851226,0.99941015,0.0005275905
1970-01-01 00:05:49,60,1,0.23606432245285783,0.26920337646937337,0.4527496067427269,0.99937487,0.0005556345
1970-01-01 00:05:51,60,1,0.25490196078431343,0.26465501161501614,0.4629431184329403,0.9993613,0.000567019
1970-01-01 00:05:53,60,1,0.28448270840288026,0.29924819634092087,0.45794392523364524,0.9992207,0.0006879568
1970-01-01 00:05:55,60,1,0.27000000000000013,0.2745098039215681,0.46593158871176,0.9991368,0.0007624924
1970-01-01 00:05:57,60,1,0.30431951084887987,0.2817785329490186,0.4671061608177573,0.9992709,0.0006441474
1970-01-01 00:05:59,60,1,0.2745098039215681,0.30784251141504115,0.4616172718665271,0.99914503,0.0007557571
1970-01-01 00:01:01,31,1,0.2660760420950957,0.2276180018169284,0.4307692307692308,0.07387447,0.9334214
1970-01-01 00:01:03,31,1,0.28278481025029784,0.25084561729742894,0.4307692307692308,0.074011415,0.9332553
1970-01-01 00:01:05,31,1,0.28319448272211767,0.24069211102088975,0.3950578322756337,0.074062884,0.9332056
1970-01-01 00:01:07,31,1,0.24081048715047584,0.23550106338027926,0.39375864632999874,0.07418677,0.9330721
1970-01-01 00:01:09,31,1,0.2327668748808648,0.18038956447940668,0.43056546101763543,0.073982894,0.93330896
1970-01-01 00:01:11,31,1,0.24009801919951237,0.2435787938291128,0.46250823402450236,0.074478686,0.9327478
1970-01-01 00:01:13,31,1,0.21597764111920156,0.16910558273814483,0.44472780082926666,0.07352832,0.9338263
1970-01-01 00:01:15,31,1,0.2321753443823308,0.21926450482675733,0.4528970220101651,0.07380065,0.9335344
1970-01-01 00:01:17,31,1,0.2408073206538235,0.22198839193490763,0.3950578322756337,0.07371342,0.9336374
1970-01-01 00:01:19,31,1,0.2602911433182866,0.23462326594580712,0.40937139654867566,0.07353771,0.9338362
1970-01-01 00:01:21,31,1,0.27233164417965444,0.2142857142857142,0.4227162725310828,0.07400191,0.93330085
1970-01-01 00:01:23,31,1,0.15202858766062244,0.1395672690535136,0.4105702713592407,0.07330999,0.93409437
1970-01-01 00:01:25,31,1,0.23387001070588598,0.2560170499193842,0.4165762736367136,0.073257595,0.9341475
1970-01-01 00:01:27,31,1,0.2334686152709001,0.2398708126403818,0.4000449794782556,0.0736025,0.93375695
1970-01-01 00:01:29,31,1,0.14517167628488564,0.12126781251816783,0.4169836192866429,0.07308099,0.9343581
1970-01-01 00:01:31,31,1,0.2947701819286354,0.25149127867157384,0.402061855670103,0.07311329,0.9343159
1970-01-01 00:01:33,31,1,0.2899927618709916,0.2188688281626689,0.3977587940097091,0.07313511,0.93429005
1970-01-01 00:01:35,31,1,0.2441548745227019,0.19006340230980162,0.4314922031320344,0.07308325,0.934348
1970-01-01 00:01:37,31,1,0.22674629379125774,0.19059062496562212,0.43778204226665735,0.073235214,0.93417025
1970-01-01 00:01:39,31,1,0.23702273156998724,0.19337919365457956,0.406185240825536,0.073425025,0.9339635
1970-01-01 00:01:41,31,1,0.15746681967920514,0.17601961817623052,0.4216691570992364,0.07334486,0.93405247
1970-01-01 00:01:43,31,1,0.14252192813739223,0.14865882924943327,0.3847408711746578,0.07299614,0.9344566
1970-01-01 00:01:45,31,1,0.23155291246070636,0.20030067669194168,0.406200418014095,0.07294938,0.93450356
1970-01-01 00:01:47,31,1,0.2498407135868874,0.2251886745555225,0.39492189449597953,0.07276544,0.9347272
1970-01-01 00:01:49,31,1,0.27569820671823103,0.20997525842720835,0.40740042186335534,0.07292479,0.9345367
1970-01-01 00:01:51,31,1,0.2660760420950957,0.22103405480643795,0.4063520040796061,0.07282868,0.93465066
1970-01-01 00:01:53,31,1,0.24944628946415223,0.20030067669194168,0.40725134565349863,0.072983176,0.93447137
1970-01-01 00:01:55,31,1,0.21374114996372895,0.18534578273468377,0.438133567696552,0.0727762,0.93471795
1970-01-01 00:01:57,31,1,0.22360679774997896,0.21988418907182386,0.43031115501174144,0.072824955,0.93466675
1970-01-01 00:01:59,31,1,0.2057983021710106,0.19527302389428972,0.4310513132035184,0.07267848,0.9348401
1970-01-01 00:02:01,31,1,0.2668980477658736,0.25,0.41928939802077564,0.07268596,0.93483007
1970-01-01 00:02:03,31,1,0.21540897910169735,0.19879089442552245,0.43840064091105013,0.07296419,0.93450105
1970-01-01 00:02:05,31,1,0.1649257075096405,0.13164890427990744,0.45679624701052285,0.072925,0.93455017
1970-01-01 00:02:07,31,1,0.1592324388246193,0.15371532189218198,0.4426190260370025,0.072900444,0.93458605
1970-01-01 00:02:09,31,1,0.1687371394276389,0.15784462185182416,0.4302470472168019,0.07283339,0.93465775
1970-01-01 00:02:11,31,1,0.16166207097284305,0.1706574098530283,0.43213462195444646,0.0727846,0.9347253
1970-01-01 00:02:13,31,1,0.18569533817705117,0.17866127416250016,0.4477189217577737,0.07278296,0.9347149
1970-01-01 00:02:15,31,1,0.19997241949928143,0.14708710135363812,0.4463042130949922,0.07280275,0.9346913
1970-01-01 00:02:17,31,1,0.2199805012075588,0.19186576800462868,0.438020949909073,0.072725475,0.93480265
1970-01-01 00:02:19,31,1,0.17616606585441286,0.14403780047891934,0.4206798948618012,0.07235378,0.93523455
1970-01-01 00:02:21,31,1,0.2849903721095187,0.26451062418581084,0.43963096892514336,0.0723235,0.93527186
1970-01-01 00:02:23,31,1,0.24944628946415223,0.24155391620603126,0.44673803296696935,0.07239339,0.9351943
1970-01-01 00:02:25,31,1,0.26666666666666666,0.25,0.44673803296696935,0.07275534,0.9347651
1970-01-01 00:02:27,31,1,0.1316064642709791,0.1385311205805201,0.42134212094137635,0.07281324,0.9346931
1970-01-01 00:02:29,31,1,0.1658818209554318,0.14578746558675892,0.42134212094137635,0.07269594,0.934827
1970-01-01 00:02:31,31,1,0.15466303191855635,0.1385311205805201,0.415736208601867,0.07265264,0.934883
1970-01-01 00:02:33,31,1,0.15385725666100944,0.1385311205805201,0.438133567696552,0.072767615,0.9347427
1970-01-01 00:02:35,31,1,0.1566464370343795,0.1355815361366601,0.46168958644069125,0.07263762,0.9349011
1970-01-01 00:02:37,31,1,0.1537170717791599,0.17806548535067296,0.42256683303357395,0.07250348,0.9350656
1970-01-01 00:02:39,31,1,0.1457737973711325,0.1471787003160017,0.46048362553427946,0.07255831,0.9349923
1970-01-01 00:02:41,31,1,0.14337208778404373,0.1383312131751046,0.43187223786923423,0.07264942,0.9348871
1970-01-01 00:02:43,31,1,0.19271411033886215,0.1479071303309018,0.4417261042993863,0.072407186,0.93517494
1970-01-01 00:02:45,31,1,0.26129616156288166,0.24134502829023316,0.4239413934957378,0.072613,0.9349388
1970-01-01 00:02:47,31,1,0.15310718192199432,0.13558153613665874,0.43223632454121397,0.07252318,0.9350406
1970-01-01 00:02:49,31,1,0.1485357842600102,0.1358681459511256,0.45379407554120194,0.07256889,0.93499005
1970-01-01 00:02:51,31,1,0.15364708606316668,0.14321481465206373,0.4377604838780405,0.07248223,0.9350864
1970-01-01 00:02:53,31,1,0.15095411343347565,0.14321481465206212,0.437142788517621,0.0724867,0.93508655
1970-01-01 00:02:55,31,1,0.16925510033160565,0.16352502371024966,0.4377604838780405,0.07248336,0.93508565
1970-01-01 00:02:57,31,1,0.19238846034035076,0.17278745212662144,0.4370995704444911,0.072430134,0.9351546
1970-01-01 00:02:59,31,1,0.15051297451043533,0.14829631083322875,0.447454486223324,0.07239589,0.93519276
1970-01-01 00:03:01,31,1,0.15466303191855635,0.15572411502397437,0.4512983481222084,0.072514,0.9350548
1970-01-01 00:03:03,31,1,0.13770073922192178,0.12126781251816648,0.4683050596145936,0.07253674,0.93501717
1970-01-01 00:03:05,31,1,0.1707543378070016,0.1414213562373095,0.44589632137052304,0.072453916,0.9351231
1970-01-01 00:03:07,31,1,0.16628614866642508,0.13324533244373787,0.4377604838780405,0.072479725,0.93508303
1970-01-01 00:03:09,31,1,0.15196936606339123,0.15060191837607015,0.4377604838780405,0.07241759,0.9351665
1970-01-01 00:03:11,31,1,0.1501740830686925,0.14278431229270647,0.45331678652948243,0.072405994,0.9351771
1970-01-01 00:03:13,31,1,0.17755520605710876,0.14815943949743846,0.45933241466942265,0.07228997,0.9353244
1970-01-01 00:03:15,31,1,0.1465284553774253,0.15860517538766203,0.46788023798665146,0.07263678,0.93498087
1970-01-01 00:03:17,31,1,0.15811388300841897,0.13968605915391566,0.4513781161534127,0.0737125,0.93375254
1970-01-01 00:03:19,31,1,0.2999850385257868,0.279677552327163,0.3943795432748831,0.07390404,0.93351495
1970-01-01 00:03:21,31,1,0.30135023778315667,0.2543099041019507,0.4284997145860814,0.07365075,0.9338068
1970-01-01 00:03:23,31,1,0.25,0.23383302299417216,0.43302036875132377,0.07352191,0.93394053
1970-01-01 00:03:25,31,1,0.15548853923607805,0.1481136023402929,0.432782755138235,0.07334888,0.9341229
1970-01-01 00:03:27,31,1,0.19663755643418152,0.17980404647402318,0.42148522525073534,0.07334596,0.93413234
1970-01-01 00:03:29,31,1,0.15480223050701808,0.12752669496903327,0.4210526315789478,0.07348725,0.93397355
1970-01-01 00:03:31,31,1,0.13030987818657158,0.12722250984126118,0.41237113402061787,0.07344189,0.9340228
1970-01-01 00:03:33,31,1,0.1761528038326487,0.15599754058498902,0.4150299830453439,0.07213166,0.93552846
1970-01-01 00:03:35,31,1,0.2006745381713148,0.18950356780268157,0.4077893265295948,0.07310656,0.9345262
1970-01-01 00:03:37,31,1,0.2799282248679396,0.2744738466856104,0.3627450980392161,0.07175109,0.93575764
1970-01-01 00:03:39,31,1,0.2636568725038289,0.23389013486249485,0.42768451704684496,0.071347386,0.936413
1970-01-01 00:03:41,31,1,0.11712139482105109,0.16922436085560316,0.3963340955827688,0.078294575,0.92872053
1970-01-01 00:03:43,31,1,0.1611741947945871,0.1278520779891897,0.4094604040769532,0.077959746,0.929128
1970-01-01 00:03:45,31,1,0.15231116162754413,0.14269544824634822,0.4214122766872753,0.07653707,0.93066573
1970-01-01 00:03:47,31,1,0.31323027878410764,0.2726475527391335,0.8456292079844745,0.08399919,0.9227277
1970-01-01 00:03:49,31,1,0.2635231383473649,0.22685647650708882,1.0825026930852932,0.082651556,0.92398185
1970-01-01 00:03:51,31,1,0.19896696332451025,0.1617584715209942,0.6562812123250061,0.092769355,0.913738
1970-01-01 00:03:53,31,1,0.14728195398497143,0.13333333333333333,0.39407642634711537,0.0746755,0.9326416
1970-01-01 00:03:55,31,1,0.24245239862552004,0.22069638998344338,0.38235294117647056,0.07493013,0.9323974
1970-01-01 00:03:57,31,1,0.20566651757819532,0.18083888603589302,0.421875,0.07642117,0.9306766
1970-01-01 00:03:59,31,1,0.2824297026960524,0.26608416196760004,0.35697495474392127,0.076184005,0.9309131
1970-01-01 00:04:01,31,1,0.28175442049934324,0.25482888246056445,0.40797215277124577,0.07488176,0.93241584
1970-01-01 00:04:03,31,1,0.2504114261629061,0.2489293312685589,0.39000000000000007,0.07415348,0.93324137
1970-01-01 00:04:05,31,1,0.2552304374570605,0.22385566460246278,0.4122835073443171,0.07400313,0.9334055
1970-01-01 00:04:07,31,1,0.24083189157584733,0.2316702472867143,0.4082057977975538,0.07374677,0.9336948
1970-01-01 00:04:09,31,1,0.266306910721693,0.23311581758816644,0.3999800014998752,0.07390389,0.9335313
1970-01-01 00:04:11,31,1,0.2559517684407441,0.2122644100533117,0.40206185567010316,0.07367256,0.9337985
1970-01-01 00:04:13,31,1,0.24853611576736667,0.21131679634782602,0.4146338535711874,0.0742878,0.93310255
1970-01-01 00:04:15,31,1,0.20407413319020798,0.15914619353610307,0.4330203687513236,0.07386586,0.93358326
1970-01-01 00:04:17,31,1,0.15445221960594419,0.16487642499025829,0.452728880185628,0.073916435,0.9335223
1970-01-01 00:04:19,31,1,0.23700233788141986,0.22816873224338047,0.4329666832192701,0.073801875,0.9336635
1970-01-01 00:04:21,31,1,0.21729279142493468,0.1946048143722759,0.43728653328809697,0.07392034,0.9335307
1970-01-01 00:04:23,31,1,0.18836228217182482,0.17587797724651186,0.4374466040151792,0.07368916,0.93379384
1970-01-01 00:04:25,31,1,0.22041049436494822,0.19195700644529518,0.45306969701572136,0.07365161,0.9338347
1970-01-01 00:04:27,31,1,0.20795009796401454,0.1917412472118426,0.45155417211128207,0.07416755,0.93325305
1970-01-01 00:04:29,31,1,0.18083888603589302,0.1611741947945871,0.4240477729707679,0.07339835,0.9341423
1970-01-01 00:04:31,31,1,0.2993355473569827,0.2574676538134082,0.4375,0.078787535,0.9282495
1970-01-01 00:04:33,31,1,0.26484320153135876,0.2276727089163765,0.44636919805939224,0.07703161,0.93007046
1970-01-01 00:04:35,31,1,0.2824297026960524,0.2569613665475734,0.45458923892541603,0.07640484,0.9307709
1970-01-01 00:04:37,31,1,0.2991983466782894,0.2824297026960524,0.45317309458807964,0.09526473,0.911816
1970-01-01 00:04:39,31,1,0.2764439343430092,0.2574343230201477,0.4451407519171223,0.07554099,0.9316896
1970-01-01 00:04:41,31,1,0.23246645873605798,0.21183640923911023,0.4427112106409055,0.07610193,0.93102944
1970-01-01 00:04:43,31,1,0.32228781180176724,0.27429896686748356,0.42416795088815046,0.076096684,0.9310644
1970-01-01 00:04:45,31,1,0.17549723315811597,0.13837600104047665,0.46292712986229395,0.080423355,0.926494
1970-01-01 00:04:47,31,1,0.1594020806072929,0.12315961400794567,0.4582279997217519,0.07677388,0.93028474
1970-01-01 00:04:49,31,1,0.13611729787843285,0.11439686446436276,0.4164633650362832,0.08294883,0.9238217
1970-01-01 00:04:51,31,1,0.15371532189218198,0.14885352323395276,0.43187223786923445,0.08155376,0.9252784
1970-01-01 00:04:53,31,1,0.16170330603816935,0.09640373590996268,0.4243326426102535,0.079910636,0.9269814
1970-01-01 00:04:55,31,1,0.14708710135363798,0.1371845439877667,0.4177279548884677,0.08011621,0.9267763
1970-01-01 00:04:57,31,1,0.11959589660229816,0.09345386270319819,0.393480568904802,0.08038473,0.9264963
1970-01-01 00:04:59,31,1,0.16644453319907945,0.13931279317619147,0.41601271689385133,0.07927576,0.9276582
1970-01-01 00:05:01,31,1,0.16910558273814483,0.1278520779891897,0.4053153271691599,0.07941291,0.9275155
1970-01-01 00:05:03,31,1,0.16562646738016412,0.13604825536936022,0.4000000000000001,0.07900691,0.9279471
1970-01-01 00:05:05,31,1,0.16369355549470246,0.14801086613774464,0.40665667313527204,0.07897234,0.928
1970-01-01 00:05:07,31,1,0.1504142093990467,0.10070743681384511,0.4186379485411743,0.07786161,0.9291806
1970-01-01 00:05:09,31,1,0.20211302086361083,0.1739301414214032,0.4414459568679093,0.07863641,0.9283447
1970-01-01 00:05:11,31,1,0.1567980719241025,0.09730240718613795,0.40852705341233303,0.07855618,0.9284363
1970-01-01 00:05:13,31,1,0.16910558273814483,0.11564325507964071,0.3901621774152159,0.078905076,0.92805535
1970-01-01 00:05:15,31,1,0.14728195398497143,0.12797133763019677,0.40665667313527204,0.07932705,0.927619
1970-01-01 00:05:17,31,1,0.18087578440110785,0.12027080070484025,0.41138598308419355,0.07947916,0.9274591
1970-01-01 00:05:19,31,1,0.18190171877724973,0.14708710135363803,0.40716002215330993,0.07895458,0.9280243
1970-01-01 00:05:21,31,1,0.14682003422210324,0.11231756462218549,0.4069705149024927,0.07932046,0.92762625
1970-01-01 00:05:23,31,1,0.21153981817023298,0.1283786159853591,0.3943795432748831,0.07908645,0.9278754
1970-01-01 00:05:25,31,1,0.1791694090765681,0.10778265338980787,0.41084036914256294,0.07841146,0.9286039
1970-01-01 00:05:27,31,1,0.18319837290657548,0.12115007675009842,0.40778695557871,0.07881218,0.928172
1970-01-01 00:05:29,31,1,0.15355137984343484,0.13627252769119996,0.4142250242953645,0.078668565,0.9283315
1970-01-01 00:05:31,31,1,0.1659923015700528,0.13879853532214498,0.4357820535651846,0.078578115,0.92842156
1970-01-01 00:05:33,31,1,0.1523059926090087,0.08352119434982702,0.4060427190027824,0.07858619,0.92841506
1970-01-01 00:05:35,31,1,0.19174124721184355,0.11607922952810887,0.4228709144959717,0.07827085,0.9287584
1970-01-01 00:05:37,31,1,0.20248073490650276,0.1203188044294473,0.4147299063910725,0.0787527,0.92823935
1970-01-01 00:05:39,31,1,0.1914940476035518,0.13790248009769188,0.4006814761509886,0.07862568,0.9283719
1970-01-01 00:05:41,31,1,0.18310109655786783,0.125,0.4201742397536733,0.07849643,0.92851377
1970-01-01 00:05:43,31,1,0.19273688132527594,0.16281210674015403,0.41138598308419355,0.078627765,0.9283738
1970-01-01 00:05:45,31,1,0.1773509578659368,0.13246915460995787,0.40567131507673687,0.07901099,0.9279686
1970-01-01 00:05:47,31,1,0.18492731871615714,0.1439677548339714,0.41475938345367497,0.07899994,0.92797524
1970-01-01 00:05:49,31,1,0.16217742888015543,0.1605403247669839,0.41205310979700577,0.078998506,0.9279796
1970-01-01 00:05:51,31,1,0.17302679447108263,0.13303802104754786,0.37406900919876174,0.078309,0.92871463
1970-01-01 00:05:53,31,1,0.13706249365756504,0.1486841851023952,0.4263221292606647,0.080512226,0.926384
1970-01-01 00:05:55,31,1,0.14865882924943327,0.11847694315781178,0.42711716096248237,0.07942104,0.92753243
1970-01-01 00:05:57,31,1,0.15713484026367724,0.11681732837899944,0.40567131507673687,0.079850644,0.9270753
1970-01-01 00:05:59,31,1,0.2171861213815347,0.15634375212541884,0.4263221292606647,0.07949048,0.927454
1970-01-01 00:01:01,31,0,0.3003399434518377,0.3219113899898252,0.43166244486182814,0.98271155,0.017179638
1970-01-01 00:01:03,31,0,0.2797984939770654,0.28278481025029784,0.43919233629115245,0.98291963,0.016964406
1970-01-01 00:01:05,31,0,0.3142857142857143,0.2894181863635009,0.3939393939393939,0.98287654,0.01702112
1970-01-01 00:01:07,31,0,0.2807022876983124,0.21540051047447348,0.49254801826406525,0.98266995,0.017220765
1970-01-01 00:01:09,31,0,0.34348522423489675,0.36959158289161553,0.40937139654867566,0.9828732,0.017021835
1970-01-01 00:01:11,31,0,0.25745757644653766,0.24835704682457385,0.4455206672954752,0.98269916,0.017191797
1970-01-01 00:01:13,31,0,0.27941176470588236,0.2903544689161909,0.42431812541963493,0.98272157,0.01717481
1970-01-01 00:01:15,31,0,0.28774670308730677,0.2813333816235118,0.447002046956664,0.98276687,0.017123878
1970-01-01 00:01:17,31,0,0.2713178520393314,0.33301053691905164,0.4375653261333059,0.98256695,0.017331034
1970-01-01 00:01:19,31,0,0.2857142857142857,0.30435259409985677,0.4241937362954868,0.9825209,0.017377287
1970-01-01 00:01:21,31,0,0.3332334325183252,0.3307592922378881,0.42003503214459215,0.98255587,0.017338842
1970-01-01 00:01:23,31,0,0.29389175021515956,0.2644110647951665,0.4257742177121555,0.9830855,0.01679954
1970-01-01 00:01:25,31,0,0.3099380185938024,0.3038377533366213,0.40829079640290955,0.98271346,0.017183483
1970-01-01 00:01:27,31,0,0.27896030895832186,0.291570339025542,0.43877551020408184,0.9827663,0.017123014
1970-01-01 00:01:29,31,0,0.20416657827370244,0.2042357799929328,0.44909553234010957,0.98239625,0.017516404
1970-01-01 00:01:31,31,0,0.33561658175164083,0.2932012638650716,0.4186379485411743,0.984465,0.01552254
1970-01-01 00:01:33,31,0,0.2955408573112174,0.27839305139615445,0.43740288702196967,0.9833932,0.01647076
1970-01-01 00:01:35,31,0,0.21853616859165118,0.2065468932302954,0.4418390742154825,0.9832141,0.01664564
1970-01-01 00:01:37,31,0,0.2706951460018546,0.28442727788398636,0.462236899337504,0.9829328,0.016939998
1970-01-01 00:01:39,31,0,0.22260854813227415,0.2246044905917128,0.452719785375398,0.9826859,0.017187238
1970-01-01 00:01:41,31,0,0.2787156318427016,0.2827057947260392,0.4670489428592112,0.9825951,0.01729682
1970-01-01 00:01:43,31,0,0.2929793676545238,0.2894181863635009,0.438133567696552,0.9827484,0.017135352
1970-01-01 00:01:45,31,0,0.2950745084165038,0.30117762965029443,0.4597964443493443,0.9829161,0.016958892
1970-01-01 00:01:47,31,0,0.19824558013652693,0.1917412472118426,0.4667715154852466,0.98263514,0.017249078
1970-01-01 00:01:49,31,0,0.2979338709171696,0.30117762965029443,0.4366480030862637,0.9827283,0.017151415
1970-01-01 00:01:51,31,0,0.27222777180850655,0.27623615495018516,0.4446813811486557,0.9825655,0.017322987
1970-01-01 00:01:53,31,0,0.2800221260791748,0.2827057947260392,0.4191744757387105,0.98247075,0.01743713
1970-01-01 00:01:55,31,0,0.2744801750870855,0.25,0.4205229669612085,0.982333,0.01756993
1970-01-01 00:01:57,31,0,0.2795084971874737,0.27569820671823103,0.4081489962168723,0.98236704,0.017537326
1970-01-01 00:01:59,31,0,0.2861825509857087,0.2903225806451613,0.4298571457456801,0.9825443,0.01736027
1970-01-01 00:02:01,31,0,0.2787880418476155,0.2777092160643367,0.41702319376961205,0.9827862,0.017105669
1970-01-01 00:02:03,31,0,0.3255310361210536,0.2866506940140206,0.4227111441108054,0.98237765,0.017522305
1970-01-01 00:02:05,31,0,0.2908444897902993,0.2664036817243223,0.44079194600660565,0.9823289,0.017581373
1970-01-01 00:02:07,31,0,0.3427521781081308,0.3169181845843381,0.39746226479501606,0.98242843,0.017475039
1970-01-01 00:02:09,31,0,0.27926949885630636,0.2775038351295027,0.426355565832939,0.9825454,0.017354727
1970-01-01 00:02:11,31,0,0.25476655630103767,0.2238258054398418,0.4121300230713803,0.98257446,0.017319918
1970-01-01 00:02:13,31,0,0.29946145363973375,0.29234633132698407,0.40385873188130617,0.9825493,0.017346263
1970-01-01 00:02:15,31,0,0.3163730578995404,0.3439077920670662,0.42357658344161664,0.9825599,0.017328978
1970-01-01 00:02:17,31,0,0.319425550549048,0.29141381298526897,0.43326477990678636,0.9826052,0.017293721
1970-01-01 00:02:19,31,0,0.2052993083393586,0.2082221332542428,0.42139556141600026,0.9829576,0.01694259
1970-01-01 00:02:21,31,0,0.24855350762732392,0.2321753443823308,0.44383409924621764,0.98374856,0.016128004
1970-01-01 00:02:23,31,0,0.3028531601230592,0.2971408469511206,0.4000000000000001,0.9832457,0.016648978
1970-01-01 00:02:25,31,0,0.2929793676545238,0.3,0.42174571623529805,0.983414,0.01646918
1970-01-01 00:02:27,31,0,0.3233045964241237,0.31234752377721214,0.40042420326538314,0.98325896,0.016644418
1970-01-01 00:02:29,31,0,0.2429415949496937,0.223606797749979,0.45043845845924024,0.9835628,0.016328663
1970-01-01 00:02:31,31,0,0.26465657643118534,0.25,0.42174571623529805,0.9838628,0.016025275
1970-01-01 00:02:33,31,0,0.23363465675799888,0.24857728847995225,0.40700324855727554,0.98357785,0.016309023
1970-01-01 00:02:35,31,0,0.2962968592371075,0.2833333333333333,0.42282441722880443,0.98372567,0.01616317
1970-01-01 00:02:37,31,0,0.29361010975735174,0.297285899850632,0.415736208601867,0.98341537,0.01647991
1970-01-01 00:02:39,31,0,0.2795084971874737,0.28317605697742704,0.4152957840326508,0.9833795,0.016515583
1970-01-01 00:02:41,31,0,0.29377318119994744,0.27634565806128925,0.4282551688264323,0.9853469,0.014578044
1970-01-01 00:02:43,31,0,0.246430455400015,0.3030678221484478,0.42043880642645975,0.98543584,0.014552712
1970-01-01 00:02:45,31,0,0.316516163492206,0.2979319862743123,0.4083660600582538,0.98541915,0.014584422
1970-01-01 00:02:47,31,0,0.2849485868454537,0.2732353092969041,0.4392736178253185,0.985409,0.014523357
1970-01-01 00:02:49,31,0,0.23511340017212848,0.22789715658803106,0.4304209396186304,0.98541564,0.014542609
1970-01-01 00:02:51,31,0,0.2757486979086934,0.2947140454129827,0.39478107009775415,0.8535672,0.16507608
1970-01-01 00:02:53,31,0,0.2352941176470581,0.22360679774997932,0.40725134565349874,0.94413453,0.063767165
1970-01-01 00:02:55,31,0,0.2726475527391337,0.2588309565185122,0.3798237157496506,0.9994812,0.00048685074
1970-01-01 00:02:57,31,0,0.30851063829787223,0.31212369893744946,0.365728349234135,0.9825388,0.019345552
1970-01-01 00:02:59,31,0,0.306029000109788,0.34536802793244215,0.36971012852873747,0.9400395,0.06267804
1970-01-01 00:03:01,31,0,0.2793156661902628,0.31772395170193707,0.3998107852306615,0.98175573,0.018145949
1970-01-01 00:03:03,31,0,0.24180970508218538,0.21392520643571383,0.4510851466176775,0.9818258,0.018070102
1970-01-01 00:03:05,31,0,0.29411764705882354,0.33992530857022407,0.42808634473904467,0.98200774,0.017885178
1970-01-01 00:03:07,31,0,0.28774670308730677,0.2913428162916919,0.4191368221424546,0.9819139,0.017974347
1970-01-01 00:03:09,31,0,0.3185423642671006,0.35399505646265744,0.4375,0.9818597,0.01803103
1970-01-01 00:03:11,31,0,0.1874085142663273,0.19832887310273992,0.44438846554826616,0.9817971,0.018087566
1970-01-01 00:03:13,31,0,0.234375,0.2455934440636698,0.43548387096774194,0.9818032,0.018088728
1970-01-01 00:03:15,31,0,0.28168369339562416,0.3185509678232411,0.39995267112330357,0.9819474,0.017942816
1970-01-01 00:03:17,31,0,0.29399051601892734,0.2953782695928239,0.40301617513697563,0.9823493,0.017544687
1970-01-01 00:03:19,31,0,0.22107788791724864,0.21807760228177164,0.4221127284027565,0.77863955,0.21337774
1970-01-01 00:03:21,31,0,0.29422444595319447,0.3148656874702804,0.40055363348295664,0.98268336,0.017202795
1970-01-01 00:03:23,31,0,0.27073972741361835,0.2765898862722508,0.41664406289272404,0.98247683,0.017399639
1970-01-01 00:03:25,31,0,0.29994001799400116,0.3146242827665384,0.4150064998652507,0.9823854,0.017493248
1970-01-01 00:03:27,31,0,0.2942810003883065,0.34612772350390425,0.43001823788728444,0.9823996,0.017481834
1970-01-01 00:03:29,31,0,0.313665198951129,0.331950152864138,0.39188820224223164,0.98333967,0.016528606
1970-01-01 00:03:31,31,0,0.25560586492882,0.2753128714909149,0.4142434467026539,0.9512548,0.052853703
1970-01-01 00:03:33,31,0,0.21019592543427754,0.1871061620120264,0.42102930650170095,0.982785,0.017103434
1970-01-01 00:03:35,31,0,0.2884082134701482,0.3292247217229222,0.41489361702127664,0.98302555,0.016836822
1970-01-01 00:03:37,31,0,0.2554586406495843,0.2803249053389597,0.4123711340206189,0.98272586,0.017144263
1970-01-01 00:03:39,31,0,0.3265215030097643,0.3416282256482704,0.44680851063829796,0.9824196,0.017466575
1970-01-01 00:03:41,31,0,0.23702273156998857,0.25351006328169695,0.42857142857142855,0.98251665,0.017356157
1970-01-01 00:03:43,31,0,0.3233045964241237,0.3223857693349117,0.4126984126984127,0.98242784,0.017455757
1970-01-01 00:03:45,31,0,0.23529411764705882,0.21241928165661467,0.44438846554826616,0.98238194,0.017492056
1970-01-01 00:03:47,31,0,0.2726021397669222,0.31168660720996394,0.41391761302873964,0.982533,0.01734081
1970-01-01 00:03:49,31,0,0.34271728678652386,0.3304093002275449,0.40904395999921944,0.9825971,0.017287403
1970-01-01 00:03:51,31,0,0.3181818181818182,0.32849046090561423,0.4,0.982529,0.017357439
1970-01-01 00:03:53,31,0,0.3086900418198737,0.27658842118644644,0.4240477729707679,0.9829401,0.016941726
1970-01-01 00:03:55,31,0,0.29411764705882354,0.28884175806299855,0.4153846153846154,0.9825461,0.017350227
1970-01-01 00:03:57,31,0,0.25757575757575757,0.26709822802600947,0.4002957486540827,0.9828644,0.01701489
1970-01-01 00:03:59,31,0,0.29411764705882354,0.2596909892644782,0.41198268134683735,0.9827068,0.0171704
1970-01-01 00:04:01,31,0,0.2835966259731331,0.2743376725761366,0.42867057180994694,0.98244536,0.017442495
1970-01-01 00:04:03,31,0,0.29411764705882354,0.29787676973571775,0.4121740525126042,0.9825248,0.017358094
1970-01-01 00:04:05,31,0,0.29801162825646693,0.3500666694349891,0.4343212779206211,0.98335,0.01652795
1970-01-01 00:04:07,31,0,0.3038461071230298,0.30421314722613907,0.42463650952529447,0.9924904,0.007732123
1970-01-01 00:04:09,31,0,0.24392856007842587,0.2619776883954952,0.41601271689385044,0.98550487,0.014367938
1970-01-01 00:04:11,31,0,0.2950889591580531,0.2802045482489826,0.4099037508963559,0.9861518,0.013563931
1970-01-01 00:04:13,31,0,0.3260794394467026,0.31615267928515667,0.42701238113105855,0.9852715,0.014628619
1970-01-01 00:04:15,31,0,0.2856548052752699,0.26028960314767563,0.4229807564450018,0.98491144,0.014965385
1970-01-01 00:04:17,31,0,0.2806572511141632,0.2730552946834395,0.439044194166714,0.98446286,0.015403688
1970-01-01 00:04:19,31,0,0.27450980392156976,0.2661715524931805,0.44356611967899007,0.9842366,0.015631378
1970-01-01 00:04:21,31,0,0.2713178520393314,0.28752075925251075,0.4377254989137789,0.98419183,0.015675813
1970-01-01 00:04:23,31,0,0.25043215244009415,0.24173923208364886,0.43264310680720935,0.9836472,0.01622647
1970-01-01 00:04:25,31,0,0.29361010975735174,0.25736571916644585,0.40655036972680275,0.9836762,0.016193181
1970-01-01 00:04:27,31,0,0.24285714285714285,0.27396667082065707,0.417910447761194,0.9835936,0.016279817
1970-01-01 00:04:29,31,0,0.2419802416075614,0.2073102218654151,0.40904395999921944,0.9835316,0.016337663
1970-01-01 00:04:31,31,0,0.29399051601892734,0.26303837968857163,0.44795998866825315,0.98345166,0.016417593
1970-01-01 00:04:33,31,0,0.3,0.28678692477283896,0.40294019628443273,0.98626614,0.014006287
1970-01-01 00:04:35,31,0,0.3088235294117647,0.35399505646265744,0.43965509480445175,0.98334545,0.016526341
1970-01-01 00:04:37,31,0,0.29399051601892734,0.3042131472261402,0.421875,0.98357487,0.016277313
1970-01-01 00:04:39,31,0,0.2777777777777778,0.2883822120083688,0.4375,0.98354506,0.016318321
1970-01-01 00:04:41,31,0,0.3063822774299057,0.2991973930018277,0.44201022069670987,0.9834041,0.01646033
1970-01-01 00:04:43,31,0,0.28364710147873406,0.2590118838264041,0.4286928885224492,0.9835787,0.016286105
1970-01-01 00:04:45,31,0,0.2835966259731331,0.2541416401811048,0.43762399036666677,0.9840617,0.015792042
1970-01-01 00:04:47,31,0,0.3138183184129962,0.309502746057351,0.4686483078413023,0.9842954,0.015566409
1970-01-01 00:04:49,31,0,0.24505093668057,0.2720294101747093,0.4686483078413025,0.9837185,0.01614204
1970-01-01 00:04:51,31,0,0.26538009519739647,0.2679735081448219,0.44678322936910986,0.98324096,0.016623825
1970-01-01 00:04:53,31,0,0.27515630384377004,0.27814635476320854,0.44339526652913847,0.9833436,0.016518474
1970-01-01 00:04:55,31,0,0.249783268273088,0.24008849836390025,0.47916666666666696,0.9830335,0.01682949
1970-01-01 00:04:57,31,0,0.27528099422158775,0.26277781123153127,0.48054281297998414,0.9836064,0.016259462
1970-01-01 00:04:59,31,0,0.19398437470563804,0.18550408272025257,0.4679791927926694,0.98279893,0.017078012
1970-01-01 00:05:01,31,0,0.2204928870141955,0.21768238540367174,0.4542013079296448,0.9836623,0.016200006
1970-01-01 00:05:03,31,0,0.29399051601892734,0.3304378749314146,0.45317309458807964,0.9836279,0.016232401
1970-01-01 00:05:05,31,0,0.29448506462501156,0.28678692477283896,0.46053303909790844,0.98325336,0.016619354
1970-01-01 00:05:07,31,0,0.2351924128151419,0.23795783581116134,0.4377254989137789,0.9831642,0.016701788
1970-01-01 00:05:09,31,0,0.27098650505793653,0.3057786292817528,0.45317309458807964,0.98192453,0.017935276
1970-01-01 00:05:11,31,0,0.3086399531649381,0.29637448918190956,0.45474571506071126,0.9820397,0.017840415
1970-01-01 00:05:13,31,0,0.2850260871224888,0.29823196960136195,0.4688756316728922,0.9829953,0.016867727
1970-01-01 00:05:15,31,0,0.2125640756067029,0.18229565907358622,0.48557163891001864,0.9823369,0.017534316
1970-01-01 00:05:17,31,0,0.2811127713994909,0.26484320153135876,0.5076850869905605,0.9824126,0.017451048
1970-01-01 00:05:19,31,0,0.2461970588081471,0.27937211830783126,0.46318440762254826,0.9824425,0.01742205
1970-01-01 00:05:21,31,0,0.29406112401668366,0.26544435312706643,0.45441498414330794,0.9822567,0.017626256
1970-01-01 00:05:23,31,0,0.24020824298928725,0.23468636827463973,0.4422144154194139,0.98358047,0.016269416
1970-01-01 00:05:25,31,0,0.2839758783826423,0.2953374638400292,0.41829581985174114,0.98310345,0.016758144
1970-01-01 00:05:27,31,0,0.2980945964298362,0.30933037223625026,0.4377604838780405,0.9830488,0.01681301
1970-01-01 00:05:29,31,0,0.32826128990874703,0.3118156093500171,0.44125591977221296,0.9834497,0.016400814
1970-01-01 00:05:31,31,0,0.28965145833856376,0.27432291810754783,0.41601271689385044,0.98255575,0.017315656
1970-01-01 00:05:33,31,0,0.26055973173519514,0.22387998880818497,0.42237574565012576,0.98266834,0.017198235
1970-01-01 00:05:35,31,0,0.26895519408374025,0.26920821515935794,0.40814228223313787,0.9831109,0.016761124
1970-01-01 00:05:37,31,0,0.23606432245285783,0.2007052513455976,0.3901281840626233,0.98153347,0.018342763
1970-01-01 00:05:39,31,0,0.2947705172229982,0.2985925176939078,0.436170212765957,0.9824388,0.017415643
1970-01-01 00:05:41,31,0,0.32874768559342626,0.37144360739924587,0.4375,0.9829482,0.016882092
1970-01-01 00:05:43,31,0,0.34348522423489675,0.3506730705858051,0.44422065568682995,0.9826248,0.017216414
1970-01-01 00:05:45,31,0,0.2968948496086416,0.33097404358500804,0.45155417211128207,0.9825381,0.017309248
1970-01-01 00:05:47,31,0,0.34348522423489675,0.35192117848304116,0.43728653328809697,0.98224807,0.017599821
1970-01-01 00:05:49,31,0,0.30917347120042116,0.32849046090561423,0.4848819785885509,0.98193806,0.0179151
1970-01-01 00:05:51,31,0,0.2939768932979316,0.3341057281080125,0.45161290322580644,0.9816429,0.018209875
1970-01-01 00:05:53,31,0,0.29411764705882354,0.319928344075492,0.484375,0.9805828,0.01929468
1970-01-01 00:05:55,31,0,0.3090398323477543,0.31008683647302115,0.4528970220101651,0.9811592,0.018712044
1970-01-01 00:05:57,31,0,0.32748600231469777,0.291547594742265,0.4386146514880687,0.98092103,0.018946916
1970-01-01 00:05:59,31,0,0.3237234753686449,0.29851115706299675,0.46869279001626346,0.98057735,0.019317508
